<?xml version="1.0" encoding="UTF-8"?>
<project-private xmlns="http://www.netbeans.org/ns/project-private/1">
    <editor-bookmarks xmlns="http://www.netbeans.org/ns/editor-bookmarks/2" lastBookmarkId="0"/>
    <open-files xmlns="http://www.netbeans.org/ns/projectui-open-files/2">
        <group>
            <file>file:/C:/Users/user/Documents/NetBeansProjects/WAP472/web/map.jsp</file>
            <file>file:/C:/Users/user/Documents/NetBeansProjects/WAP472/src/java/twitservlets/setcurrentlocation.java</file>
            <file>file:/C:/Users/user/Documents/NetBeansProjects/WAP472/web/js/scriptkris.js</file>
            <file>file:/C:/Users/user/Documents/NetBeansProjects/WAP472/web/index.jsp</file>
            <file>file:/C:/Users/user/Documents/NetBeansProjects/WAP472/web/menu.jsp</file>
            <file>file:/C:/Users/user/Documents/NetBeansProjects/WAP472/web/js/script.js</file>
            <file>file:/C:/Users/user/Documents/NetBeansProjects/WAP472/src/java/twitservlets/Main.java</file>
            <file>file:/C:/Users/user/Documents/NetBeansProjects/WAP472/web/footer.jsp</file>
            <file>file:/C:/Users/user/Documents/NetBeansProjects/WAP472/src/java/model/LatestTweets.java</file>
            <file>file:/C:/Users/user/Documents/NetBeansProjects/WAP472/web/css/menu.css</file>
            <file>file:/C:/Users/user/Documents/NetBeansProjects/WAP472/src/java/model/SearchTweets.java</file>
        </group>
    </open-files>
</project-private>
